title,creation_date,creation_date_earliest,creation_date_latest,medium,accession_number,id,credit_line,date_acquired,department,physical_location,item_width,item_height,item_depth,item_diameter,web_url,provenance_text,classification,image_url,artist_id,party_type,full_name,cited_name,role,nationality,birth_date,death_date,birth_place,death_place
Untitled,ca. 1960,1957-01-01,1963-01-01,lithograph on paper,2006.81.22,cmoa:things/8edfa1d6-22f4-457c-8f8f-914e68a6cc2a,Gift of Mr. and Mrs. Leon Arkus,2007-02-01,Contemporary Art,Not on View,25.125,36.0,0.0,0.0,http://collection.cmoa.org/CollectionDetail.aspx?item=38029,"The donor, Pittsburgh",prints,,cmoa:parties/b7eaca81-9a3a-404a-866e-05844d616971,Person,Pablo Picasso,"Picasso, Pablo",,Spanish,1881-01-01,1973-01-01,"Málaga, Spain","Mougins, France"
Minotaure aveugle guidé par une filette dans la nuit (Blind Minotaur Guided by a Young Girl in the Night),1934,1934-01-01,1934-01-01,"aquatint, scraper, drypoint, and burin on Montval paper",2013.13,cmoa:things/c20f15d2-18f0-4f62-866a-ac383809ce96,"Alan G. and Jane A. Lehman Fund, Robert S. Waters Charitable Trust Fund, and Charles J. Rosenbloom Fund",2013-05-23,Fine Arts,Not on View,24.0,18.0,0.0,0.0,http://collection.cmoa.org/CollectionDetail.aspx?item=101444,"Ambroise Vollard [1866-1939], Paris, France
Henri M. Petiet [1894-1980], Paris (from the Vollard Estate)
Heirs of Henri M. Petiet, Paris
Marc Rosen Fine Art, Ltd., New York

Under review by CGK",prints,http://collection.cmoa.org/CollectionImage.aspx?irn=119885&size=Medium,cmoa:parties/b7eaca81-9a3a-404a-866e-05844d616971|cmoa:parties/380e63f2-503c-4f24-8371-247fbe46ed13,Person|Person,Pablo Picasso|Roger Lacourière,"Picasso, Pablo|Lacourière, Roger",printer|,Spanish|French,1881-01-01|1892-01-01,1973-01-01|1966-01-01,"Málaga, Spain|","Mougins, France|"
Minotaure No. 1,06/01/1933,1933-06-01,1933-06-01,printed magazine,2015.28.8,cmoa:things/f09a85ed-e09f-4c2d-a7e6-66281be42476,Leisser Art Fund,2015-09-17,Fine Arts,Not on View,9.75,12.5,0.375,0.0,http://collection.cmoa.org/CollectionDetail.aspx?item=108230,"Ursus Rare Books, Ltd. to CMOA, April 2015",books,http://collection.cmoa.org/CollectionImage.aspx?irn=147930&size=Medium,cmoa:parties/b7eaca81-9a3a-404a-866e-05844d616971|cmoa:parties/af444a10-4c10-4add-9145-e03739bd125e,Person|Person,Pablo Picasso|Albert Skira,"Picasso, Pablo|Albert Skira",artist|publisher,Spanish|Swiss,1881-01-01|1904-01-01,1973-01-01|1973-01-01,"Málaga, Spain|","Mougins, France|"
"Trois Nus Debout a Droite, Esquisses de Tetes, from Le Chef d'oeuvre Inconnu",1927,1927-01-01,1927-01-01,etching on paper,1998.11.3,cmoa:things/6209973e-92cd-4633-a46a-b02ef61d0d43,"Gift of the Estate of Maria Conderman, through the generosity of the Women's Committee",1998-02-05,Fine Arts,Not on View,19.25,14.25,0.0,0.0,http://collection.cmoa.org/CollectionDetail.aspx?item=1003592,"Estate Of  Maria Conderman, Pittsburgh, PA",prints,,cmoa:parties/b7eaca81-9a3a-404a-866e-05844d616971,Person,Pablo Picasso,"Picasso, Pablo",,Spanish,1881-01-01,1973-01-01,"Málaga, Spain","Mougins, France"
L'Homme a la Guitare (Man with the Guitar),1915,1915-01-01,1915-01-01,"engraving with scraper printed on ""old japan""",1998.62,cmoa:things/f70d03e3-0fe7-4f6a-a430-ddced6d09d82,Edward N. Haskell Family Acquisition Fund,1998-12-03,Fine Arts,Not on View,14.25,19.25,0.0,0.0,http://collection.cmoa.org/CollectionDetail.aspx?item=1003800,"Marc Rosen Fine Art, New York, NY",prints,http://collection.cmoa.org/CollectionImage.aspx?irn=32252&size=Medium|http://collection.cmoa.org/CollectionImage.aspx?irn=32253&size=Medium,cmoa:parties/b7eaca81-9a3a-404a-866e-05844d616971,Person,Pablo Picasso,"Picasso, Pablo",,Spanish,1881-01-01,1973-01-01,"Málaga, Spain","Mougins, France"
Scene D'Interieur,1926,1926-01-01,1926-01-01,lithograph on paper,1999.16,cmoa:things/86a60a56-1d59-47e1-a904-058e4ea7befc,Gift of Mr. and Mrs. Philip Stehle,1999-04-08,Fine Arts,Not on View,22.0,16.0,0.0,0.0,http://collection.cmoa.org/CollectionDetail.aspx?item=1003848,"Stehle, Mr. And Mrs. Philip, Pittsburgh, PA",prints,http://collection.cmoa.org/CollectionImage.aspx?irn=32175&size=Medium|http://collection.cmoa.org/CollectionImage.aspx?irn=32176&size=Medium,cmoa:parties/b7eaca81-9a3a-404a-866e-05844d616971,Person,Pablo Picasso,"Picasso, Pablo",,Spanish,1881-01-01,1973-01-01,"Málaga, Spain","Mougins, France"
Head of a Bearded Man,1902,1902-01-01,1902-01-01,charcoal on paper,2000.68,cmoa:things/b6406b9d-84b0-475d-b133-5abda024e101,Gift of Leon and Jane Arkus,2000-12-07,Fine Arts,Not on View,21.0,24.125,2.5,0.0,http://collection.cmoa.org/CollectionDetail.aspx?item=1004135,"The Donors, Gift of Leon and Jane Arkus, Pittsburgh",drawings and watercolors,http://collection.cmoa.org/CollectionImage.aspx?irn=37486&size=Medium,cmoa:parties/b7eaca81-9a3a-404a-866e-05844d616971,Person,Pablo Picasso,"Picasso, Pablo",,Spanish,1881-01-01,1973-01-01,"Málaga, Spain","Mougins, France"
Les Trois Graces (The Three Graces),1927,1927-01-01,1927-01-01,etching on paper,54.12.2,cmoa:things/7180fff1-1293-4fb6-b5ad-bb7001885375,Leisser Art Fund,1954-03-03,Fine Arts,Not on View,18.0,24.0,0.0,0.0,http://collection.cmoa.org/CollectionDetail.aspx?item=1009197,Peter H. Deitsch,prints,,cmoa:parties/b7eaca81-9a3a-404a-866e-05844d616971,Person,Pablo Picasso,"Picasso, Pablo",,Spanish,1881-01-01,1973-01-01,"Málaga, Spain","Mougins, France"
Salome,1905,1905-01-01,1905-01-01,etching and drypoint on paper,54.12.3,cmoa:things/189ddad6-f8ef-46da-9a20-5c9e33819334,Leisser Art Fund,1954-03-03,Fine Arts,Not on View,22.0,28.0,0.0,0.0,http://collection.cmoa.org/CollectionDetail.aspx?item=1009198,Peter H. Deitsch,prints,,cmoa:parties/b7eaca81-9a3a-404a-866e-05844d616971,Person,Pablo Picasso,"Picasso, Pablo",,Spanish,1881-01-01,1973-01-01,"Málaga, Spain","Mougins, France"
Torse De Femme,1954,1954-01-01,1954-01-01,aquatint on paper,55.62,cmoa:things/4809161a-ffe2-4ef4-b3ce-7a944e97965f,Leisser Art Fund,1955-12-19,Contemporary Art,Not on View,25.0,35.75,0.0,0.0,http://collection.cmoa.org/CollectionDetail.aspx?item=1009546,"Galeries Der Spiegel, Cologne, Germany",prints,,cmoa:parties/b7eaca81-9a3a-404a-866e-05844d616971,Person,Pablo Picasso,"Picasso, Pablo",,Spanish,1881-01-01,1973-01-01,"Málaga, Spain","Mougins, France"
The Diver (La Plongeuse),"1932, December",1932-01-01,1912-01-01,etching with collage of paper on paper,56.17.3,cmoa:things/6c5cda51-efd7-456f-9d7a-857284176a8c,Leisser Art Fund,1956-03-14,Fine Arts,Not on View,16.0,22.0,0.0,0.0,http://collection.cmoa.org/CollectionDetail.aspx?item=1009628,Galerie Gerald Cramer,prints,http://collection.cmoa.org/CollectionImage.aspx?irn=108423&size=Medium|http://collection.cmoa.org/CollectionImage.aspx?irn=108422&size=Medium,cmoa:parties/b7eaca81-9a3a-404a-866e-05844d616971,Person,Pablo Picasso,"Picasso, Pablo",,Spanish,1881-01-01,1973-01-01,"Málaga, Spain","Mougins, France"
Head of a Boy,1906,1906-01-01,1906-01-01,oil on canvas,66.13,cmoa:things/8e524354-3eb6-4379-8c50-4bed3a2f66c9,Purchase: gift of the Howard Heinz Endowment,1966-09-20,Fine Arts,"Gallery 4, Scaife Galleries",8.625,14.0,1.75,0.0,http://collection.cmoa.org/CollectionDetail.aspx?item=1012209,"Pablo Picasso [1881-1973], Paris, France. Helena Rubinstein [1872-1965], New York, NY, until April 1, 1965 [1]; her estate, until April 20, 1966; Rubinstein sale, Parke-Bernet Galleries, Inc., New York, NY, April 20, 1966, no. 33 [2]; purchased by Museum of Art, Carnegie Institute, September 1966 [3].

Notes:
[1]. Born Chaja Rubinstein, also known as Princess Gourielli.
[2]. Illustrated in the catalogue of Sale no. 2428, ""The Helena Rubinstein Collection, Modern Paintings and Sculptures, Part One.""
[3]. The musuem purchased the painting at the Rubinstein sale as a gift of the Howard Heinz Endowment. It was accessioned on September 20, 1966.

Updated and under review by CGK",paintings,http://collection.cmoa.org/CollectionImage.aspx?irn=114575&size=Medium|http://collection.cmoa.org/CollectionImage.aspx?irn=36440&size=Medium,cmoa:parties/b7eaca81-9a3a-404a-866e-05844d616971,Person,Pablo Picasso,"Picasso, Pablo",,Spanish,1881-01-01,1973-01-01,"Málaga, Spain","Mougins, France"
Two Seated Nudes,1930,1930-01-01,1930-01-01,etching on paper,74.7.151,cmoa:things/86542618-e717-4b42-af28-5dd977b7666c,Bequest of Charles J. Rosenbloom,1974-02-14,Fine Arts,Not on View,14.25,19.25,0.0,0.0,http://collection.cmoa.org/CollectionDetail.aspx?item=1017302,"Charles J. Rosenbloom [1898-1973], Pittsburgh, PA (Lugt Suppl. 633b), until April 1, 1973; his bequest to Museum of Art, Carnegie Institute, Pittsburgh, PA, February 1974.

Under review by CGK.",prints,,cmoa:parties/b7eaca81-9a3a-404a-866e-05844d616971,Person,Pablo Picasso,"Picasso, Pablo",,Spanish,1881-01-01,1973-01-01,"Málaga, Spain","Mougins, France"
Three Bathers,1922-1923,1922-01-01,1923-01-01,drypoint on paper,74.7.152,cmoa:things/ccf128a1-21af-4271-a8dc-5552145155b8,Bequest of Charles J. Rosenbloom,1974-02-14,Fine Arts,Not on View,14.25,19.25,0.0,0.0,http://collection.cmoa.org/CollectionDetail.aspx?item=1017303,"Charles J. Rosenbloom [1898-1973], Pittsburgh, PA (Lugt Suppl. 633b), until April 1, 1973; his bequest to Museum of Art, Carnegie Institute, Pittsburgh, PA, February 1974.

Under review by CGK.",prints,http://collection.cmoa.org/CollectionImage.aspx?irn=108455&size=Medium|http://collection.cmoa.org/CollectionImage.aspx?irn=108456&size=Medium,cmoa:parties/b7eaca81-9a3a-404a-866e-05844d616971,Person,Pablo Picasso,"Picasso, Pablo",,Spanish,1881-01-01,1973-01-01,"Málaga, Spain","Mougins, France"
Plaque,c. 1956,1951-01-01,1961-01-01,glazed earthenware,80.38,cmoa:things/aa4b9b49-6546-4ec6-a4c4-397f666e728b,Gift of Mr. and Mrs. Donald C. Burnham,1980-10-09,Decorative Arts and Design,Hall of Sculpture Balcony,0.0,1.688,0.0,16.5,http://collection.cmoa.org/CollectionDetail.aspx?item=1021163,"Gift of Mr. and Mrs. Donald C. Burnham, 1980.",Ceramics,http://collection.cmoa.org/CollectionImage.aspx?irn=4085&size=Medium,cmoa:parties/b7eaca81-9a3a-404a-866e-05844d616971|cmoa:parties/2d99cad1-8b8f-421d-8106-10c0c694370e,Person|Organization,Pablo Picasso|Madoura Pottery,"Picasso, Pablo|Madoura Pottery",designer|manufacturer,Spanish|French,1881-01-01|1940-01-01,1973-01-01|1995-01-01,"Málaga, Spain|","Mougins, France|"
Blue Centaur,c. 1954,1954-01-01,1965-01-01,glass,81.26.22,cmoa:things/4eeb578f-e4dc-4ee6-9be4-e40f84057221,Bequest of C. Hale Matthews III,1981-04-02,Contemporary Art,Not on View,14.25,13.375,4.5,0.0,http://collection.cmoa.org/CollectionDetail.aspx?item=1021796,"Bequest of C. Hale Matthews III, New York, NY, 1981.",sculpture,http://collection.cmoa.org/CollectionImage.aspx?irn=126961&size=Medium,cmoa:parties/b7eaca81-9a3a-404a-866e-05844d616971,Person,Pablo Picasso,"Picasso, Pablo",after,Spanish,1881-01-01,1973-01-01,"Málaga, Spain","Mougins, France"
Circus Rider and Clown,1954,1954-01-01,1954-01-01,lithograph on paper,81.26.23,cmoa:things/4cc7ae72-4ea4-4825-9257-ee4458f2588b,Bequest of C. Hale Matthews III,1981-04-02,Contemporary Art,Not on View,15.0,10.625,0.0,0.0,http://collection.cmoa.org/CollectionDetail.aspx?item=1021797,"Bequest of C. Hale Matthews III, New York, NY, 1981.",prints,,cmoa:parties/b7eaca81-9a3a-404a-866e-05844d616971,Person,Pablo Picasso,"Picasso, Pablo",,Spanish,1881-01-01,1973-01-01,"Málaga, Spain","Mougins, France"
Seated Man and Woman,1954,1954-01-01,1954-01-01,lithograph on paper,81.26.24,cmoa:things/d8388d0d-1850-4c29-b341-da73ae7ce9ba,Bequest of C. Hale Matthews III,1981-04-02,Contemporary Art,Not on View,15.0,11.0,0.0,0.0,http://collection.cmoa.org/CollectionDetail.aspx?item=1021798,"Bequest of C. Hale Matthews III, New York, NY",prints,,cmoa:parties/b7eaca81-9a3a-404a-866e-05844d616971,Person,Pablo Picasso,"Picasso, Pablo",,Spanish,1881-01-01,1973-01-01,"Málaga, Spain","Mougins, France"
Untitled,1954,1954-01-01,1954-01-01,lithograph on paper,81.26.25,cmoa:things/dacbd4e0-671f-490d-9b55-c91ce88536c5,Bequest of C. Hale Matthews III,1981-04-02,Contemporary Art,Not on View,14.625,11.0,0.0,0.0,http://collection.cmoa.org/CollectionDetail.aspx?item=1021799,"Bequest of C. Hale Matthews III, New York, NY, 1981.",prints,,cmoa:parties/b7eaca81-9a3a-404a-866e-05844d616971,Person,Pablo Picasso,"Picasso, Pablo",,Spanish,1881-01-01,1973-01-01,"Málaga, Spain","Mougins, France"
Untitled,1954,1954-01-01,1954-01-01,lithograph on paper,81.26.26,cmoa:things/2fd9dd74-9bf8-44a6-9ccb-55379808e302,Bequest of C. Hale Matthews III,1981-04-02,Contemporary Art,Not on View,14.5,10.625,0.0,0.0,http://collection.cmoa.org/CollectionDetail.aspx?item=1021800,"Bequest of C. Hale Matthews III, New York, NY, 1981.",prints,,cmoa:parties/b7eaca81-9a3a-404a-866e-05844d616971,Person,Pablo Picasso,"Picasso, Pablo",,Spanish,1881-01-01,1973-01-01,"Málaga, Spain","Mougins, France"
Untitled,1954,1954-01-01,1954-01-01,lithograph on paper,81.26.27,cmoa:things/9bfc4c30-9587-4cef-8a2b-6e7d00bb4f5c,Bequest of C. Hale Matthews III,1981-04-02,Contemporary Art,Not on View,14.875,11.125,0.0,0.0,http://collection.cmoa.org/CollectionDetail.aspx?item=1021801,"Bequest of C. Hale Matthews III, New York, NY, 1981.",prints,,cmoa:parties/b7eaca81-9a3a-404a-866e-05844d616971,Person,Pablo Picasso,"Picasso, Pablo",,Spanish,1881-01-01,1973-01-01,"Málaga, Spain","Mougins, France"
Plate,c. 1947,1942-01-01,1952-01-01,glazed pottery,86.45,cmoa:things/bccd86f6-e484-4ec0-97cd-6ad8d8290f6b,Gift of Dr. and Mrs. John R. Lane,1986-10-02,Decorative Arts and Design,Not on View,0.0,1.0,0.0,1.0,http://collection.cmoa.org/CollectionDetail.aspx?item=1026115,"Dr. And Mrs. John R. Lane, Pittsburgh, PA",Ceramics,http://collection.cmoa.org/CollectionImage.aspx?irn=132876&size=Medium,cmoa:parties/b7eaca81-9a3a-404a-866e-05844d616971|cmoa:parties/2d99cad1-8b8f-421d-8106-10c0c694370e,Person|Organization,Pablo Picasso|Madoura Pottery,"Picasso, Pablo|Madoura Pottery",manufacturer|,Spanish|French,1881-01-01|1940-01-01,1973-01-01|1995-01-01,"Málaga, Spain|","Mougins, France|"
